ETH Address, Stake, Tier, Participation Weight
0x8ceb...f1ee,1009,3,4
0xa275...6335,1007,3,4
0x0b46...dfca,151,5,1
0xeb61...507e,501,4,2
0x9ec3...d999,1009,3,4
0x2d6c...0116,155,5,1
0x833d...29bf,1074,3,4
0xdf59...84e5,150,5,1
0x1723...7613,175,5,1
0xdb9d...37ca,1004,3,4
0x7f1b...4bfa,1000,3,4
0x5c38...75dc,504,4,2
0x7d2d...6da6,504,4,2
0x76dd...8821,150,5,1
0xafa4...462c,510,4,2
0x9513...df51,501,4,2
0x9054...3e47,1021,3,4
0xeb42...ba24,500,4,2
0xcee7...35b3,503,4,2
0x00f3...131b,500,4,2
0xe0c2...5e2b,2750,3,11
0x92ca...192d,1000,3,4
0x30ee...19e7,150,5,1
0x3e03...b7cd,171,5,1
0xacbb...0e5a,522,4,2
0x696a...a56c,500,4,2
0x3efd...9d06,261,5,1
0xa8bd...d25b,501,4,2
0x1045...28ac,1015,3,4
0xcd10...2fa9,525,4,2
0xd193...174b,1356,3,5
0x5142...5013,503,4,2
0x7841...8dbc,1962,3,7
0xf0a4...fa37,2013,3,8
0x947f...74d2,2263,3,9
0xb7cc...dfc4,1004,3,4
0x7cdd...a398,1000,3,4
0x90a1...0ac8,1000,3,4
0x3238...5564,500,4,2
0x586e...f59d,500,4,2
0x888b...847b,1004,3,4
0xc583...5d5c,1008,3,4
0x3146...af50,1272,3,5
0x2020...5ebf,1007,3,4
0xb00f...0791,1038,3,4
0x7cbd...d05d,2001,3,8
0xc29b...cc9e,200,5,1
0xc8a9...5204,156,5,1
0xf20f...1906,1006,3,4
0xfa2e...d5b6,153,5,1
0x99f6...a375,1006,3,4
0x02c2...b179,1000,3,4
0x2863...8031,1201,3,4
0x03c6...4f17,175,5,1
0x0474...5a85,1000,3,4
0xfa10...7714,503,4,2
0x49cb...d672,3383,3,13
0xa2ba...1a4f,150,5,1
0x78d0...ba97,300,5,1
0x2609...6a99,1000,3,4
0xe10d...e603,300,5,1
0xc898...7792,2083,3,8
0xb10f...cb11,1026,3,4
0x0972...3913,1008,3,4
0xcaab...5d41,500,4,2
0x87e9...a142,2162,3,8
0xe87b...ad95,500,4,2
0xed42...dc6d,501,4,2
0xd045...9e44,1019,3,4
0x5d12...d317,500,4,2
0x2f67...03b9,500,4,2
0x148a...e04e,1002,3,4
0x405a...d179,1366,3,5
0xaf9a...e19a,1002,3,4
0xc582...c106,1001,3,4
0x1917...53b8,1000,3,4
0x8e5e...a80f,1010,3,4
0x4393...1d4e,1000,3,4
0x1e9b...6e66,151,5,1
0x1a7a...9d78,502,4,2
0x67a8...2eb6,503,4,2
0xb463...22c9,500,4,2
0x2ff6...4d41,193,5,1
0x54f9...03dc,500,4,2
0xb11a...2828,500,4,2
0x8fb0...b198,168,5,1
0xa504...49c1,2374,3,9
0x11e7...3bf0,1000,3,4
0xeea7...4bc3,150,5,1
0x5b9c...05bf,224,5,1
0x6f76...c933,1069,3,4
0x61f4...75d3,1002,3,4
0x2738...57e0,500,4,2
0xeb35...a5ac,2582,3,10
0xa677...bf0d,1009,3,4
0x8571...49ce,500,4,2
0x9d99...4f5a,500,4,2
0x6f66...e856,1095,3,4
0xb7e0...7c5c,1003,3,4
0x3890...3a5c,156,5,1
0xbe4b...7b74,151,5,1
0xa6ba...57d1,1026,3,4
0x8e97...00e8,237,5,1
0x5cba...53ba,1021,3,4
0x760e...e8fe,1006,3,4
0xd71a...9e22,1010,3,4
0x2521...1a80,500,4,2
0xef30...1f02,1084,3,4
0x9121...39f5,510,4,2
0x6a49...df8c,500,4,2
0x4f83...e1b6,1013,3,4
0x39c9...1763,1001,3,4
0x397d...48b9,325,5,1
0xa6c9...2165,2302,3,9
0x8776...eb89,252,5,1
0xb676...c44c,1000,3,4
0xcce0...0053,150,5,1
0x9424...d9dc,1013,3,4
0x11c7...b2e0,500,4,2
0xb0f7...b223,1057,3,4
0xc5f1...8a0a,500,4,2
0xad36...2b36,1072,3,4
0x8a0a...e2de,150,5,1
0xb2e2...0175,1000,3,4
0x3338...c881,160,5,1
0xd552...cf84,500,4,2
0x1443...71c1,273,5,1
0x5358...76fc,1045,3,4
0x2381...ce3b,1001,3,4
0xf21c...5cc8,1001,3,4
0xde8f...198b,158,5,1
0x4bd9...39e6,321,5,1
0xd697...0ca2,158,5,1
0x4a99...11ce,150,5,1
0xf692...425e,1020,3,4
0x3a96...f08c,1001,3,4
0xee7c...9990,1004,3,4
0xac25...d2ec,1000,3,4
0xc9e6...a009,500,4,2
0x5c22...c7ec,160,5,1
0x6a5f...ccd4,1000,3,4
0x2443...3332,501,4,2
0x197c...9ffa,1059,3,4
0xac84...8ca1,150,5,1
0xec45...c665,151,5,1
0x1c72...d414,510,4,2
0x6b9b...1b58,500,4,2
0x2867...2c7c,500,4,2
0x8f45...85bb,500,4,2
0x86ab...c508,533,4,2
0xf4dc...4227,528,4,2
0xe5d0...e53d,218,5,1
0xbefc...db98,1036,3,4
0x69cb...e3f2,2100,3,8
0x7022...1be1,150,5,1
0xbe43...5e0b,1514,3,6
0xb0ba...e57e,150,5,1
0x6099...615d,1000,3,4
0x581b...c615,500,4,2
0x6cf2...eb3d,1000,3,4
0x3cde...51b5,150,5,1
0x55b9...20f7,150,5,1
0x6437...c60e,1000,3,4
0xe0ea...1db7,165,5,1
0x20ad...9e61,159,5,1
0x3aed...091a,407,5,1
0xfd78...8601,1250,3,5
0xf7e1...38f6,1005,3,4
0x76e9...4be1,1003,3,4
0xf273...242d,200,5,1
0x68ee...0ad8,169,5,1
0xbb2c...9dcb,1000,3,4
0x5ac6...231e,1007,3,4
0x58db...2ba4,157,5,1
0xe859...05af,501,4,2
0x0d46...bce0,150,5,1
0x5821...f1f6,502,4,2
0x0099...208b,1001,3,4
0x6710...9ae7,150,5,1
0x9c53...3a13,515,4,2
0x39a9...586a,1002,3,4
0xe91f...feb7,155,5,1
0x933d...b244,1077,3,4
0x685c...8bc9,548,4,2
0xd9c9...67d9,1000,3,4
0x6d6d...8855,518,4,2
0xab94...685b,154,5,1
0xc32c...e8eb,1003,3,4
0x5c24...1d6b,3052,3,12
0x6eb4...03e4,3000,3,12
0xd552...12d5,151,5,1
0x1e85...a8f5,220,5,1
0xd29f...92fc,500,4,2
0xc8a4...185a,150,5,1
0x6a6e...f147,1005,3,4
0xb880...bacd,1000,3,4
0x9d9b...c9b2,500,4,2
0x6106...fef9,151,5,1
0x6932...1424,224,5,1
0x5e47...2178,1000,3,4
0x0500...b9c4,2265,3,9
0x7367...1907,1000,3,4
0x5394...42d8,1013,3,4
0xbce5...0150,1000,3,4
0xd32f...41a8,1005,3,4
0x4388...240a,152,5,1
0x19f8...85f1,175,5,1
0xda17...9035,160,5,1
0x08a3...c1df,2000,3,8
0x7ecd...bd6c,500,4,2
0x0ae2...df34,2138,3,8
0xc723...3890,151,5,1
0x04c1...a1aa,1021,3,4
0x9dee...9927,1001,3,4
0x70cc...c649,1000,3,4
0x9582...4b22,1100,3,4
0xa61b...7d68,500,4,2
0xdc72...54ae,1000,3,4
0x66d8...2494,1627,3,6
0x9264...e2d8,1001,3,4
0x8a8a...c796,1002,3,4
0x787d...e18e,151,5,1
0xed6e...e1b4,1000,3,4
0x0f85...c617,505,4,2
0xb104...9d86,512,4,2
0xe0fb...6be9,150,5,1
0xe209...242f,162,5,1
0x011d...fc83,1000,3,4
0xc840...a3d0,1000,3,4
0xaa97...b82d,150,5,1
0x57fb...cbbb,2006,3,8
0x2ce3...1635,503,4,2
0x4cc4...800b,683,4,2
0xb46b...8de6,500,4,2
0x9b8e...6f68,156,5,1
0x1519...8303,591,4,2
0x96c3...3403,1012,3,4
0x2967...e311,328,5,1
0x9fbf...f1df,150,5,1
0x9617...d0de,1000,3,4
0xf204...3baa,319,5,1
0x6632...bc0b,1052,3,4
0x12e6...e14d,1577,3,6
0xc697...5e0e,1007,3,4
0xa95f...d3de,514,4,2
0x11c4...9142,500,4,2
0xe738...b08e,1000,3,4
0x6d26...6a19,500,4,2
0x1899...bd88,1021,3,4
0x4ee0...3d17,519,4,2
0x86bf...743b,1000,3,4
0xbf86...74cb,1000,3,4
0x61f2...0745,568,4,2
0x773e...2446,1019,3,4
0xa1fb...6492,1015,3,4
0x0700...3de5,150,5,1
0x4d70...0853,520,4,2
0x168b...6033,150,5,1
0xfd04...5929,1009,3,4
0x7c5a...2afe,174,5,1
0xa1f9...9609,1201,3,4
0x0d51...d862,500,4,2
0x6649...e669,1001,3,4
0x81ce...8cf1,500,4,2
0xd546...2354,501,4,2
0xd6fa...91c7,500,4,2
0xc8e0...b819,168,5,1
0xcf0b...b798,501,4,2
0x495e...d23b,175,5,1
0xddd2...9d32,500,4,2
0xd166...61ec,1001,3,4
0x11e0...8c14,1010,3,4
0x4254...b20f,1000,3,4
0xc74d...77f0,1000,3,4
0x07b8...89b6,1500,3,6
0x0e26...dadb,1001,3,4
0x0723...bd33,152,5,1
0x890d...c6e9,766,4,2
0x607c...393d,506,4,2
0xa39e...8314,1000,3,4
0x4b05...7b5c,1250,3,5
0x35a2...4b81,1503,3,6
0xb3b8...881b,1232,3,4
0x9a63...9976,156,5,1
0xba52...f1e8,153,5,1
0x159d...15b7,155,5,1
0x00e9...d60a,1000,3,4
0x9a33...34bf,721,4,2
0x8cec...4805,226,5,1
0x13f9...865f,1007,3,4
0xfaca...8884,1740,3,6
0x7054...62c4,1015,3,4
0x7775...f052,1003,3,4
0xd30c...7967,1364,3,5
0x1c72...03a2,1045,3,4
0xb133...4f3a,183,5,1
0x77b0...2640,502,4,2
0xa788...ecd4,1018,3,4
0x6046...7e57,507,4,2
0x0b44...654e,1006,3,4
0xb6ae...e316,160,5,1
0xdb3b...58a4,1001,3,4
0xac30...74d0,150,5,1
0xf3d7...853e,150,5,1
0x3bb1...b618,1000,3,4
0x189f...c136,2849,3,11
0xc224...b059,160,5,1
0x8771...eb0a,155,5,1
0xe82c...b03c,501,4,2
0xe969...0e12,151,5,1
0x2871...95af,154,5,1
0x50fb...dac3,1431,3,5
0x3dc4...51cf,501,4,2
0x4f2e...4360,1150,3,4
0xcfbe...cf5c,1042,3,4
0x5e5a...e622,287,5,1
0x4a20...3951,220,5,1
0x5834...286a,1027,3,4
0xcf5e...dacf,2123,3,8
0xffcc...7f1e,151,5,1
0x514a...a250,1001,3,4
0x7d37...b204,1000,3,4
0x43d9...1e62,1001,3,4
0x252e...8586,1058,3,4
0xe8fd...88fe,200,5,1
0xb2e1...efd2,1119,3,4
0xc287...08ed,1012,3,4
0x36e0...52bd,1000,3,4
0xbdcb...0e9d,502,4,2
0x3e5a...fb5d,153,5,1
0xaf7c...494f,150,5,1
0xef59...d3db,150,5,1
0x9bb9...0d34,1309,3,5
0x23c7...7f2d,168,5,1
0xf2e5...4443,150,5,1
0xb29d...3a3b,1001,3,4
0x600c...f252,173,5,1
0x1eaf...aace,1236,3,4
0x642a...f0d5,508,4,2
0xbcf1...8bf7,1011,3,4
0xdbca...bb99,908,4,2
0x52c2...fac9,150,5,1
0x5242...8620,152,5,1
0x6030...e08d,150,5,1
0x571a...e2e1,155,5,1
0xdcfa...cae3,507,4,2
0x7463...0124,1046,3,4
0xaa26...e3bf,151,5,1
0x09e0...9f43,1000,3,4
0x4689...7d9e,1000,3,4
0xf4bc...6ece,1010,3,4
0xc832...0a0e,507,4,2
0x79f9...0b84,1001,3,4
0x704e...5f3c,1005,3,4
0xddda...9fd0,506,4,2
0xdf2e...dc80,1000,3,4
0x31f6...7f4a,150,5,1
0x4b9e...1116,500,4,2
0xbaf7...c406,1756,3,7
0x0ed4...3481,500,4,2
0xb1c8...7eae,500,4,2
0xc010...6977,175,5,1
0x6f2f...1d3c,151,5,1
0x622a...49c8,1001,3,4
0x3846...6f46,510,4,2
0x3a38...adef,1740,3,6
0xeaf5...0fe1,500,4,2
0xf39e...4b18,712,4,2
0xfcc0...b598,501,4,2
0xea69...40ff,506,4,2
0x24ec...f7b4,150,5,1
0x2d7e...fb97,154,5,1
0x5339...eb03,1008,3,4
0x111e...f17a,2349,3,9
0x302d...5ade,501,4,2
0x637c...b7b8,1013,3,4
0x818d...5c50,1000,3,4
0xa75f...84e9,504,4,2
0x754a...e5c1,1003,3,4
0x88bf...6ad3,226,5,1
0x65f5...6b31,572,4,2
0xa609...3179,1279,3,5
0x4c24...7f25,1029,3,4
0x6625...ca6a,1086,3,4
0xe013...1308,152,5,1
0xd145...4745,200,5,1
0x6b12...5328,151,5,1
0xc62c...0419,317,5,1
0xe011...5b54,215,5,1
0x891e...5c44,186,5,1
0xe17d...0e72,1013,3,4
0x7591...c6e2,1001,3,4
0x0447...b988,1003,3,4
0xc1d7...5ced,500,4,2
0x6fd6...d7c7,1000,3,4
0x7df2...c549,600,4,2
0x7022...6cf6,1000,3,4
0xfaf2...d1c6,250,5,1
0x0752...c807,501,4,2
0x5c4e...3f72,150,5,1
0x084a...09f1,1058,3,4
0x1ca8...1f2a,151,5,1
0x8ed4...1786,1003,3,4
0xfea8...e23f,1335,3,5
0x6100...9ebf,513,4,2
0x3d52...0e63,1521,3,6
0x3721...df2a,169,5,1
0x9240...9071,204,5,1
0x77a1...4edf,1013,3,4
0x7ef4...5370,1554,3,6
0xc724...8fc4,150,5,1
0x0852...4296,150,5,1
0x8271...e706,150,5,1
0xf99f...2529,508,4,2
0x235f...22d2,150,5,1
0x1909...a6a3,155,5,1
0x3b7b...7245,501,4,2
0xcc4e...1949,256,5,1
0x4394...559e,151,5,1
0x9346...24f1,205,5,1
0x3fb9...80b2,150,5,1
0x0a5c...cc22,1511,3,6
0x844e...b353,502,4,2
0xa3dd...d063,153,5,1
0x4c39...6819,241,5,1
0x2804...ea94,1000,3,4
0xf27a...e127,155,5,1
0x68da...8e9a,1000,3,4
0xf18c...e9ff,1003,3,4
0xb7a1...1253,1278,3,5
0xf710...439e,150,5,1
0x3d5d...3d7e,151,5,1
0x2f54...4c1d,158,5,1
0xcfde...ee49,156,5,1
0xb377...78f8,150,5,1
0x253b...7131,228,5,1
0x398e...2a18,151,5,1
0x3a4a...e3d6,180,5,1
0x0e8e...4f57,150,5,1
0xbf27...241c,1000,3,4
0xb676...5bce,1000,3,4
0xb488...c98d,1002,3,4
0x1dab...beaf,1005,3,4
0x585a...3779,500,4,2
0x1eb9...9854,150,5,1
0xd3ae...77e7,1004,3,4
0x8e16...dcc4,1001,3,4
0xe1d6...df90,505,4,2
0xfe37...9f2a,1003,3,4
0x4f21...d00e,502,4,2
0xf5b1...8229,299,5,1
0x1a01...4981,1005,3,4
0x4efa...7713,1011,3,4
0x88c9...bd8a,1020,3,4
0x197f...7955,150,5,1
0x868e...b7e6,501,4,2
0xf0ce...5cd8,165,5,1
0x0b40...4f11,298,5,1
0xb939...7078,200,5,1
0xe7c0...16ed,150,5,1
0x0e4f...e6f8,164,5,1
0x8011...d0bb,150,5,1
0x3d39...568b,500,4,2
0x44c9...e42e,500,4,2
0x8ec2...d13a,1000,3,4
0xe5cb...76f6,504,4,2
0x4517...29a1,1002,3,4
0xefb9...5ea0,1153,3,4
0x9d2e...bbe6,500,4,2
0x721e...a2ee,150,5,1
0xac88...b1a8,505,4,2
0xc73f...3258,1010,3,4
0x9980...4f3b,1007,3,4
0x9745...4816,1051,3,4
0xe1a2...c67a,1001,3,4
0x1520...b9f8,500,4,2
0x281f...b674,200,5,1
0x919c...5a42,353,5,1
0x745b...e7c3,151,5,1
0x44bc...1822,569,4,2
0x03a0...3184,1009,3,4
0x2319...35a6,1553,3,6
0x0dfd...ee28,516,4,2
0xb231...528b,151,5,1
0x0548...4660,1200,3,4
0xad3f...6606,519,4,2
0x127c...5811,156,5,1
0x4e65...c954,1000,3,4
0x169c...759b,150,5,1
0x1dc1...8a20,151,5,1
0x7e55...0a41,510,4,2
0xc7da...f9cc,203,5,1
0xd4e9...d2cc,639,4,2
0xbfbc...b637,500,4,2
0xdc9c...7484,157,5,1
0xcbda...778c,550,4,2
0x3530...2e7a,1003,3,4
0x4e46...2565,700,4,2
0x8d9c...ce33,150,5,1
0xd4ad...740d,1050,3,4
0xb17d...d97e,1001,3,4
0x38ed...7314,150,5,1
0x29bd...e120,182,5,1
0xae66...2829,555,4,2
0x3a73...4ad7,1028,3,4
0x159d...02fd,1022,3,4
0xd4f1...b713,1021,3,4
0xb3b9...802b,1227,3,4
0xfa9d...ca46,150,5,1
0x9be4...bcae,621,4,2
0x8661...3c3c,287,5,1
0x31de...e7c8,157,5,1
0x8b19...19a4,1052,3,4
0xaee9...f049,500,4,2
0x965f...acb0,151,5,1
0xc855...74eb,154,5,1
0xd58e...ef7e,150,5,1
0x7e22...9d30,511,4,2
0x6f83...ab5c,151,5,1
0x4186...8cff,151,5,1
0xa7db...30c7,180,5,1
0x8b78...ec8b,212,5,1
0x531c...83d1,256,5,1
0xeda4...eed9,1414,3,5
0x8cf6...ba5b,500,4,2
0x59fa...8832,150,5,1
0x87fb...69aa,188,5,1
0xe92a...9ed0,154,5,1
0x98bb...cf7f,1080,3,4
0xb677...7add,527,4,2
0x3e30...1708,502,4,2
0xc3ca...62e4,155,5,1
0xc1ef...3e83,157,5,1
0xd2dd...7a40,150,5,1
0xbf01...565d,150,5,1
0x353c...e1ee,216,5,1
0xd0f5...7912,1015,3,4
0x5967...a437,1011,3,4
0x9e13...8215,1000,3,4
0x914d...0774,504,4,2
0xb5cd...d849,151,5,1
0x5976...26ab,150,5,1
0x4f90...c48a,1000,3,4
0xb80c...efa0,160,5,1
0xd51a...98ff,1002,3,4
0x32e6...84e0,1004,3,4
0x52f8...7434,150,5,1
0xbf8d...7fdc,150,5,1
0xbfad...ad6c,1000,3,4
0x6812...7690,501,4,2
0x0837...d50f,152,5,1
0xf3b0...ede6,183,5,1
0x5c0d...8df4,501,4,2
0xa1bc...457f,151,5,1
0x8834...7d56,155,5,1
0x38d9...e8e3,1004,3,4
0xf8b7...d1c8,155,5,1
0xc6f2...5c99,264,5,1
0x8932...fa21,1000,3,4
0xe3f5...e62c,151,5,1
0xa8ea...cc22,1000,3,4
0xcc3c...1710,1013,3,4
0x8683...dcee,505,4,2
0xbc1d...490d,570,4,2
0xd049...2e9f,502,4,2
0x0386...e998,201,5,1
0xc600...127e,1008,3,4
0x0538...91b2,1000,3,4
0x17a5...1eed,150,5,1
0xb3cf...155c,1000,3,4
0x42de...09e8,500,4,2
0x6f29...28bc,500,4,2
0x7dde...2676,1175,3,4
0xf315...ff56,264,5,1
0x16f3...0179,195,5,1
0xd034...8c42,151,5,1
0xbe13...dd30,150,5,1
0x9ba9...fe11,236,5,1
0xb587...3806,152,5,1
0xdbe9...80dc,1000,3,4
0x02d9...c6f7,168,5,1
0x7791...ac51,1026,3,4
0x8e32...469b,165,5,1
0x77e3...3026,150,5,1
0x5b5d...9c27,513,4,2
0x0885...9526,183,5,1
0xe232...f822,500,4,2
0xbf80...32a1,150,5,1
0xc495...4a36,887,4,2
0xa358...3dbd,151,5,1
0xfe7e...fb71,182,5,1
0x9057...9185,170,5,1
0xf64d...09b0,243,5,1
0x0cbf...d692,1109,3,4
0x0c4a...15ba,1000,3,4
0x9aba...872a,1026,3,4
0x6ee7...e89c,614,4,2
0xa4e8...0771,161,5,1
0xd48e...aab2,213,5,1
0x531a...bb4f,150,5,1
0xa169...6a2e,151,5,1
0xe7db...e399,150,5,1
0x4db3...bc3f,151,5,1
0xd24d...53fa,1002,3,4
0xe6f3...f23c,550,4,2
0xa417...a567,500,4,2
0xbcb2...3729,1000,3,4
0x4a9c...cb66,151,5,1
0x2099...c80c,153,5,1
0xf80c...d6ca,155,5,1
0x6d34...e4a4,515,4,2
0x5733...e72a,1003,3,4
0x6adc...08fc,150,5,1
0x7a71...ef5c,153,5,1
0x2b67...358f,724,4,2
0x736c...c7b5,501,4,2
0xaf03...87af,670,4,2
0x539f...7ed4,1023,3,4
0x7b76...95f0,1001,3,4
0xa767...799c,150,5,1
0xf6fb...3702,150,5,1
0xdce6...c9d5,165,5,1
0x4a44...2139,500,4,2
0x14d4...ca76,150,5,1
0x9230...88e2,180,5,1
0x5bf7...3b14,1000,3,4
0xf7ef...4244,1125,3,4
0xef18...4391,150,5,1
0x01ed...c55e,506,4,2
0x9878...d0e3,598,4,2
0x4a51...6b04,206,5,1
0xa0ac...013d,500,4,2
0x140e...d5aa,503,4,2
0x7ad6...38b8,150,5,1
0xf384...e554,151,5,1
0xfd31...7030,151,5,1
0x0687...0643,150,5,1
0x758b...6378,150,5,1
0x0717...a857,1000,3,4
0x1371...befb,150,5,1
0x79d8...acf9,500,4,2
0x87d2...07b0,500,4,2
0x0d4a...e578,200,5,1
0xfde6...408b,1502,3,6
0xb52f...9787,500,4,2
0x051a...29d7,500,4,2
0x9de2...5a61,521,4,2
0x579a...d5e5,1002,3,4
0x852e...0eb7,166,5,1
0xfb7d...89be,200,5,1
0x467a...654c,216,5,1
0x2820...ad30,213,5,1
0x69d2...eb80,1529,3,6
0x85b8...c928,1095,3,4
0xba88...4c57,1001,3,4
0x5cad...a5bd,151,5,1
0xda60...295a,155,5,1
0xa195...e312,150,5,1
0x93f5...b0ed,157,5,1
0xee15...420b,1006,3,4
0xc347...a611,1002,3,4
0x608b...dc47,500,4,2
0x60dd...2d44,150,5,1
0x3986...6f04,154,5,1
0x8635...ae37,1005,3,4
0xd6f6...bb89,153,5,1
0xaac8...1d6a,165,5,1
0x4da6...7111,150,5,1
0xecf7...4433,150,5,1
0xe871...9ed2,510,4,2
0xf2ee...6363,151,5,1
0x426a...0d36,150,5,1
0xb90b...897c,151,5,1
0x4660...216f,155,5,1
0x8ae8...eb7e,156,5,1
0x3c34...a851,150,5,1
0xab9b...fb4f,504,4,2
0xe85f...9797,150,5,1
0x3c02...71ab,200,5,1
0x9646...fcd7,154,5,1
0xf6a9...8146,154,5,1
0x0fc9...46cb,153,5,1
0xfd18...4a01,152,5,1
0x5515...056a,559,4,2
0x796b...180c,151,5,1
0x640b...1797,166,5,1
0x89a8...5b0d,246,5,1
0x8b76...d54e,150,5,1
0x04cd...0762,160,5,1
0x60cc...f423,150,5,1
0xf7de...fcfa,410,5,1
0xc8db...d650,515,4,2
0xf9c8...f059,548,4,2
0x0223...b8b4,1000,3,4
0xd4ae...13a9,227,5,1
0x8122...3b56,157,5,1
0x1ffd...6854,150,5,1
0x4627...bba3,1029,3,4
0x1536...221e,152,5,1
0xfa18...9e26,170,5,1
0x242f...5d18,1000,3,4
0xbb2d...5fd4,168,5,1
0x7422...b8a7,156,5,1
0x1355...ef09,240,5,1
0x6c17...a444,503,4,2
0x4cbe...c054,222,5,1
0x6b04...df93,273,5,1
0x98c4...7b5f,150,5,1
0x5315...9f80,158,5,1
0xfb34...3413,500,4,2
0x72c7...24c5,500,4,2
0x16a6...8ca1,500,4,2
0xeb10...fd7f,500,4,2
0xbf30...ba72,157,5,1
0xfff5...b455,501,4,2
0x9a88...b31d,155,5,1
0xcb7e...316b,150,5,1
0xef00...c97d,151,5,1
0xcb52...6c0b,171,5,1
0xd2f1...9a08,163,5,1
0xa179...0789,157,5,1
0x6282...4f88,500,4,2
0x1e9b...72d4,501,4,2
0x1b4e...294c,157,5,1
0xae49...8d6d,160,5,1
0x58be...5c04,150,5,1
0xf989...340e,505,4,2
0xf028...ebe8,160,5,1
0xf43f...8117,150,5,1
0x0f51...542b,208,5,1
0x71ec...d3be,150,5,1
0xbea0...f0e6,176,5,1
0x5bff...9ef5,163,5,1
0x3243...904c,203,5,1
0x2aa4...8b72,151,5,1
0x671f...634f,150,5,1
0xd98a...2101,169,5,1
0xf5d6...610f,1000,3,4
0x4860...eadb,234,5,1
0x94d5...1116,151,5,1
0x47e9...e670,151,5,1
0x33f5...94ad,171,5,1
0x3ed1...d451,1084,3,4
0xf3ba...9d57,150,5,1
0x5927...c435,150,5,1
0x465d...d894,514,4,2
0x2b7a...bdd7,151,5,1
0x83a3...a3be,1057,3,4
0x97a1...ce92,150,5,1
0x1733...f490,181,5,1
0x86fe...f277,152,5,1
0x3d35...318c,155,5,1
0x8cc4...2a23,169,5,1
0x91ff...9d07,309,5,1
0xabdb...d985,150,5,1
0x5602...d96e,200,5,1
0xf621...063d,1016,3,4
0x7147...5686,510,4,2
0x5427...dc66,150,5,1
0x9420...9ab9,166,5,1
0x470f...8b95,184,5,1
0x68c3...c44c,153,5,1
0xaa6b...a173,150,5,1
0xb30f...cb8d,507,4,2
0x5b56...e83f,254,5,1
0x46ac...580e,150,5,1
0x672c...60e5,157,5,1
0x2486...2b09,196,5,1
0xe3b7...393f,155,5,1
0x9279...bec9,280,5,1
0xff3f...4528,300,5,1
0xc29c...9496,153,5,1
0x0b4e...2de9,503,4,2
0x1942...a5bf,151,5,1
0x6419...d475,151,5,1
0x25ff...895a,160,5,1
0xc6e7...769d,515,4,2
0x7e7b...dccd,150,5,1
0x025a...69dc,285,5,1
0x4201...4c58,222,5,1
0x6516...4073,184,5,1
0xce77...2799,666,4,2
0xe234...02f3,150,5,1
0x5be2...f5bf,151,5,1
0xa417...fb07,678,4,2
0x71c0...18ba,501,4,2
0x470c...beca,376,5,1
0xa4e6...18c4,151,5,1
0xa244...0557,160,5,1
0x2a1b...923a,219,5,1
0x0962...7375,354,5,1
0xe0f4...5b6a,150,5,1
0x9219...3bf2,157,5,1
0x9c58...b893,151,5,1
0xd8e8...2aa2,200,5,1
0xf643...4ce4,157,5,1
0x584d...14ac,497,5,1
0x3d39...b57a,436,5,1
0x4f3f...4a31,152,5,1
0xd9ee...3546,568,4,2
0x97f6...df25,151,5,1
0xfbde...b2a2,150,5,1
0x72ca...6c9a,151,5,1
0x9685...acb2,168,5,1
0xd6a5...ba07,501,4,2
0xf4c4...ef5c,150,5,1
0x8540...d314,162,5,1
0xc680...687f,384,5,1
0x78cb...70f6,150,5,1
0x8639...1063,511,4,2
0xc0af...89ee,152,5,1
0x1b58...1e91,155,5,1
0xd8d0...4477,181,5,1
0x742e...3981,175,5,1
0x8e2b...6c01,204,5,1
0x97d3...a281,211,5,1
0x5827...ec05,220,5,1
0x64c8...9100,150,5,1
0xfdc2...3437,185,5,1
0xd916...8e33,150,5,1
0x0d97...56d1,150,5,1
0xd9cb...c3a0,150,5,1
0x1e60...ccfa,150,5,1
0xa358...a276,170,5,1
0x9084...9723,175,5,1
0x6cce...29fc,500,4,2
0x9570...7f7b,150,5,1
0x09f1...b3c9,504,4,2
0x1dc7...20e7,154,5,1
0x5d20...2b8f,781,4,2
0xb223...9f2c,150,5,1
0xcf28...d82e,151,5,1
0xd5ea...6b0d,150,5,1
0x0b4f...5be1,151,5,1
0xb90a...161a,150,5,1
0x490e...4d0a,503,4,2
0x6b30...b9f1,150,5,1
0x1ae9...456a,1013,3,4
0xb768...00cf,165,5,1
0x9003...76d2,154,5,1
0xb47e...66ac,501,4,2
0x89e2...4db7,223,5,1
0x5087...76ec,150,5,1
0x1089...4b57,154,5,1
0x9738...782c,176,5,1
0x82bc...f958,153,5,1
0x057e...99fb,164,5,1
0x986c...1e7e,150,5,1
0x3958...f104,150,5,1
0x58b8...dbb0,197,5,1
0x346c...7e57,256,5,1
0xd2a3...a626,504,4,2
0xfd66...318c,150,5,1
0x409b...9f00,150,5,1
0x3f4e...80a7,170,5,1
0x622d...056e,170,5,1
0xb16e...8397,150,5,1
0x22c4...73f0,200,5,1
0x0290...2271,155,5,1
0x3356...0379,513,4,2
0x84d1...5091,150,5,1
0xc459...4102,153,5,1
0xaaab...bf32,150,5,1
0xce3a...15d9,150,5,1
0x7bbc...eadf,232,5,1
0x9bbb...de62,156,5,1
0xe51c...e238,500,4,2
0x9f45...0cba,291,5,1
0x4581...2b2a,191,5,1
0x2627...a9d1,160,5,1
0xb15d...fbb5,172,5,1
0xb3ed...2565,180,5,1
0x2dc4...35e7,160,5,1
0x0776...3829,169,5,1
0x627b...2909,155,5,1
0x4cad...f9be,256,5,1
0x84f1...0778,150,5,1
0x121d...c702,157,5,1
0xda50...1843,153,5,1
0x827d...ab3b,210,5,1
0xaec8...3eb3,151,5,1
0x13e0...95b3,150,5,1
0xbbb9...b813,153,5,1
0x7318...ad3a,155,5,1
0x78a8...5bc7,150,5,1
0xb96d...fe9a,151,5,1
0xac7d...069c,150,5,1
0x7af5...40ec,154,5,1
0x3fea...f831,500,4,2
0x9c90...211b,162,5,1
0x76f3...03db,150,5,1
0xedfd...c82e,150,5,1
0x00c1...6ad0,209,5,1
0x89e4...c382,160,5,1
0xf097...610e,200,5,1
0xa0dd...f22d,160,5,1
0x4596...bb2a,152,5,1
0x0e81...0ba6,156,5,1
0x03d4...401e,500,4,2
0x4212...5342,150,5,1
0x6f5c...50a1,150,5,1
0x8f7a...70e4,150,5,1
0x7c8d...0e83,335,5,1
0xa2e1...1751,150,5,1
0x1efa...9253,179,5,1
0xcdd2...be55,360,5,1
0x4e9b...39d6,362,5,1
0xb657...aa86,158,5,1
0x7c72...8797,150,5,1
0x77cc...c4d6,150,5,1
0x005c...c6ed,156,5,1
0x7f70...2854,155,5,1
0x77ad...18ac,150,5,1
0xa796...cec3,160,5,1
0x467d...ae69,160,5,1
0x3aab...f261,153,5,1
0x9e7f...805f,150,5,1
0xdba5...ba62,155,5,1
0x4ba1...213e,160,5,1
0x5e2d...5546,237,5,1
0x431b...32b6,159,5,1
0x630c...1010,170,5,1
0x6792...fe5a,150,5,1
0xc37e...2ca7,150,5,1
0x8e3a...7e0d,159,5,1
0xa19e...69cc,160,5,1